{"throughput_examples":1537.5510030493501,"update_step":20001,"final_eval_loss":3.386845588684082,"_runtime":7634.310303934,"final_eval_tokens":10003951,"perplexity":29.572521092484532,"tokens_seen":2000224936,"_wandb":{"runtime":7634},"throughput_batches":12.012117211323048,"loss":3.359375,"_step":80005,"perplexity_val_set":29.572521092484532,"lr":4e-10,"_timestamp":1.7351654007089498e+09,"throughput_tokens":303269.923234273}