{"perplexity_val_set":23.55936129444491,"throughput_batches":6.55428615183152,"throughput_examples":838.9486274344346,"_timestamp":1.7351191266334007e+09,"lr":8e-11,"final_eval_loss":3.1595232486724854,"update_step":20001,"final_eval_tokens":10003951,"loss":3.125,"throughput_tokens":165476.06247529038,"_step":80005,"perplexity":23.55936129444491,"tokens_seen":2000224936,"_wandb":{"runtime":13499},"_runtime":13499.227249417}