{"_step":17388,"loss":7,"lr":0.0037313209641803243,"tokens_seen":434667907,"_runtime":1658.757111366,"throughput_tokens":286124.95718240703,"update_step":4347,"throughput_examples":1496.0476509608914,"final_eval_loss":6.208541393280029,"throughput_batches":11.687872273131964,"_timestamp":1.7368474265794883e+09,"perplexity_val_set":496.9758300778805,"final_eval_tokens":10003951,"_wandb":{"runtime":1658}}