{"final_eval_tokens":10003951,"update_step":20001,"throughput_tokens":302490.6803895482,"_step":80005,"lr":4e-10,"perplexity_val_set":977.6300818825291,"final_eval_loss":6.885131359100342,"_timestamp":1.7351132823477294e+09,"_wandb":{"runtime":7654},"loss":6.875,"throughput_examples":1533.6003125069183,"perplexity":977.6300818825291,"_runtime":7654.979832251,"throughput_batches":11.981252441460299,"tokens_seen":2000224936}