{"final_eval_loss":3.3930020332336426,"tokens_seen":1280031554,"_wandb":{"runtime":4842},"_runtime":4842.559382308,"throughput_examples":1502.7214671431561,"_timestamp":1.7368522789353852e+09,"loss":3.421875,"throughput_tokens":298178.68111902697,"throughput_batches":11.740011462055907,"perplexity_val_set":29.75514425666098,"_step":51200,"final_eval_tokens":10003951,"update_step":12800,"lr":0.0003829612379868006}