{"_wandb":{"runtime":3840},"update_step":10001,"final_eval_tokens":10003951,"_runtime":3840.538830436,"_step":40005,"perplexity":30.57313462099991,"loss":3.453125,"_timestamp":1.7368569947137473e+09,"throughput_batches":11.99324320943263,"throughput_examples":1535.1351308073765,"tokens_seen":1000036336,"throughput_tokens":293477.65964561875,"final_eval_loss":3.420121669769287,"lr":1e-10,"perplexity_val_set":30.57313462099991}