{"update_step":20001,"_wandb":{"runtime":17133},"tokens_seen":1999748712,"loss":5.28125,"final_eval_tokens":10021880,"perplexity":185.9999034794087,"throughput_examples":656.6668006001935,"_step":40003,"throughput_tokens":127283.05981477421,"final_eval_loss":5.225746154785156,"perplexity_val_set":185.9999034794087,"throughput_batches":5.130209379689012,"_timestamp":1.7351227625005333e+09,"_runtime":17133.656207166,"lr":2e-10}